Algorithm,Mean (ms),Median (ms),Std Dev (ms),Min (ms),Max (ms),Throughput (MB/s),Cycles/Byte,Speedup,Payload Size (KB),Iterations,CPU Freq (GHz),Valid
Ascon-MAC,3.82579792,3.7423275,0.33447702474061447,2.888232,5.316163,261.3833822148139,8.027741022384948,1.4863070708136097,1024,100,2.200246,True
HMAC-SHA256,5.6863105,5.656472,0.3761419618488078,3.878319,7.545882,175.8609558869499,11.931688244231223,1.4863070708136097,1024,100,2.200246,True
