Size (Bytes),Ascon Mean (ns),Ascon Median (ns),Ascon Stdev (ns),Ascon Min (ns),Ascon Max (ns),HMAC Mean (ns),HMAC Median (ns),HMAC Stdev (ns),HMAC Min (ns),HMAC Max (ns),Speedup (median),Ascon CpB,HMAC CpB,Ascon Pkts/sec,HMAC Pkts/sec,Ascon sigma (ns),HMAC sigma (ns),Mono (median),Valid,CPU Freq (GHz)
32,1235.891,1203.0,561.1082536543194,1155,25361,3622.5092,3468.0,1457.5791711997533,3395,72947,2.882793017456359,82.7154980625,238.45166025,831255.1953449709,288350.63437139563,561.1082536543194,1457.5791711997533,True,True,2.200246
64,1332.851,1283.0,600.5944228836961,1246,21315,4052.031,3690.0,1926.4182874025569,3591,59981,2.876071706936867,44.10805653125,126.8579334375,779423.2268121591,271002.7100271003,600.5944228836961,1926.4182874025569,True,True,2.200246
128,1506.0488,1449.0,1028.5128438763222,1391,58318,4171.9536,3978.0,1614.7510970570788,3836,65426,2.7453416149068324,24.907472296875,68.37952021875,690131.1249137336,251382.6043237808,1028.5128438763222,1614.7510970570788,True,True,2.200246
256,1869.6854,1804.0,734.3623721480017,1745,24250,5061.1268,4305.0,2227.335902355493,4199,55956,2.3863636363636362,15.504858531250001,37.0002305859375,554323.7250554324,232288.03716608594,734.3623721480017,2227.335902355493,True,True,2.200246
512,2546.9526,2421.0,1435.188264289128,2344,74310,5305.07,5021.0,3133.2516862039665,4864,120684,2.07393638992152,10.403897589843751,21.57702180859375,413052.4576621231,199163.51324437364,1435.188264289128,3133.2516862039665,True,True,2.200246
1024,3822.837,3683.0,1293.8104505803776,3599,60864,6896.0694,6387.0,3038.3905559002183,6298,110538,1.7341840890578333,7.913580095703125,13.723604689453126,271517.78441487916,156568.0288085173,1293.8104505803776,3038.3905559002183,True,True,2.200246
